Identifiant PP,Type d'identifiant PP,Libellé civilité,Prénom d'exercice,Nom d'exercice
300001,abc,M.,PrenomInvalid1,
300002,abc,Mme,PrenomInvalid2,
300003,2,Mme,PrenomInvalid3,NomInvalid3
,2,M.,PrenomInvalid4,NomInvalid4
,abc,Mme,PrenomInvalid5,
,2,M.,PrenomInvalid6,NomInvalid6
300007,1,Mme,,
300008,abc,Mme,PrenomInvalid8,NomInvalid8
300009,2,,,NomInvalid9
300010,abc,Mme,,
300011,2,,,NomInvalid11
300012,2,M.,PrenomInvalid12,NomInvalid12
,1,M.,PrenomInvalid13,
300014,abc,M.,PrenomInvalid14,NomInvalid14
,1,M.,PrenomInvalid15,
,1,Mme,PrenomInvalid16,NomInvalid16
300017,1,M.,PrenomInvalid17,NomInvalid17
300018,abc,M.,PrenomInvalid18,
300019,abc,Mme,PrenomInvalid19,
,abc,Mme,PrenomInvalid20,NomInvalid20
300021,1,Mme,PrenomInvalid21,
,abc,,,NomInvalid22
,1,M.,PrenomInvalid23,NomInvalid23
300024,1,,,
300025,abc,,PrenomInvalid25,
300026,2,M.,,NomInvalid26
,2,Mme,PrenomInvalid27,NomInvalid27
300028,abc,,PrenomInvalid28,NomInvalid28
300029,2,M.,PrenomInvalid29,NomInvalid29
,2,Mme,PrenomInvalid30,NomInvalid30
300031,abc,,,NomInvalid31
300032,abc,,,NomInvalid32
300033,abc,,PrenomInvalid33,NomInvalid33
300034,2,Mme,PrenomInvalid34,NomInvalid34
300035,abc,Mme,,NomInvalid35
,abc,M.,PrenomInvalid36,NomInvalid36
,1,,PrenomInvalid37,NomInvalid37
300038,2,M.,PrenomInvalid38,
300039,abc,Mme,,NomInvalid39
,1,,,
300041,abc,Mme,,NomInvalid41
300042,abc,Mme,PrenomInvalid42,NomInvalid42
,abc,M.,PrenomInvalid43,NomInvalid43
,abc,Mme,PrenomInvalid44,NomInvalid44
300045,abc,,PrenomInvalid45,
300046,1,Mme,PrenomInvalid46,NomInvalid46
,abc,Mme,PrenomInvalid47,NomInvalid47
,2,,PrenomInvalid48,
,abc,,PrenomInvalid49,
300050,2,,,NomInvalid50
300051,abc,Mme,PrenomInvalid51,NomInvalid51
300052,abc,M.,,
300053,2,,PrenomInvalid53,NomInvalid53
300054,2,Mme,PrenomInvalid54,NomInvalid54
,abc,Mme,PrenomInvalid55,
,1,M.,PrenomInvalid56,NomInvalid56
,1,Mme,,NomInvalid57
,2,Mme,PrenomInvalid58,NomInvalid58
,abc,M.,PrenomInvalid59,NomInvalid59
,abc,M.,PrenomInvalid60,
,abc,M.,PrenomInvalid61,NomInvalid61
300062,abc,,PrenomInvalid62,
300063,abc,Mme,PrenomInvalid63,NomInvalid63
300064,abc,Mme,,NomInvalid64
300065,abc,Mme,PrenomInvalid65,NomInvalid65
,abc,M.,PrenomInvalid66,NomInvalid66
,2,Mme,,NomInvalid67
300068,2,M.,PrenomInvalid68,NomInvalid68
,1,M.,PrenomInvalid69,NomInvalid69
300070,abc,M.,PrenomInvalid70,NomInvalid70
,2,Mme,PrenomInvalid71,
,1,,PrenomInvalid72,NomInvalid72
,abc,M.,PrenomInvalid73,
,abc,Mme,PrenomInvalid74,
300075,abc,Mme,PrenomInvalid75,NomInvalid75
,abc,,PrenomInvalid76,NomInvalid76
300077,abc,M.,,
300078,2,Mme,PrenomInvalid78,
,abc,,PrenomInvalid79,
,abc,M.,PrenomInvalid80,NomInvalid80
300081,abc,M.,PrenomInvalid81,NomInvalid81
,abc,,PrenomInvalid82,
,abc,,,NomInvalid83
,2,Mme,PrenomInvalid84,NomInvalid84
,2,,PrenomInvalid85,NomInvalid85
300086,1,M.,PrenomInvalid86,NomInvalid86
,abc,Mme,,NomInvalid87
,abc,,PrenomInvalid88,NomInvalid88
300089,abc,M.,PrenomInvalid89,NomInvalid89
,abc,Mme,PrenomInvalid90,NomInvalid90
300091,1,Mme,,NomInvalid91
300092,2,,PrenomInvalid92,NomInvalid92
300093,abc,Mme,,NomInvalid93
300094,abc,,PrenomInvalid94,
,1,M.,PrenomInvalid95,
,2,Mme,PrenomInvalid96,NomInvalid96
300097,abc,M.,,NomInvalid97
300098,2,M.,PrenomInvalid98,NomInvalid98
,1,Mme,,NomInvalid99
,abc,,PrenomInvalid100,NomInvalid100
,2,,,NomInvalid101
300102,2,Mme,PrenomInvalid102,
300103,abc,Mme,,NomInvalid103
,1,M.,,
300105,abc,M.,PrenomInvalid105,NomInvalid105
,abc,,PrenomInvalid106,NomInvalid106
300107,abc,M.,PrenomInvalid107,NomInvalid107
300108,1,Mme,,NomInvalid108
,1,Mme,,NomInvalid109
300110,1,Mme,PrenomInvalid110,NomInvalid110
,abc,,,NomInvalid111
,1,Mme,,
,abc,Mme,PrenomInvalid113,NomInvalid113
,abc,M.,,NomInvalid114
300115,1,Mme,PrenomInvalid115,NomInvalid115
300116,2,,PrenomInvalid116,
300117,abc,,,
300118,2,M.,PrenomInvalid118,NomInvalid118
300119,1,Mme,PrenomInvalid119,
,abc,,,NomInvalid120
,abc,Mme,,NomInvalid121
300122,abc,M.,,NomInvalid122
,abc,M.,PrenomInvalid123,NomInvalid123
300124,abc,,PrenomInvalid124,
,1,Mme,PrenomInvalid125,NomInvalid125
,abc,Mme,PrenomInvalid126,
300127,abc,M.,,NomInvalid127
300128,abc,,PrenomInvalid128,NomInvalid128
,abc,,PrenomInvalid129,NomInvalid129
,abc,,PrenomInvalid130,
300131,abc,M.,,NomInvalid131
300132,2,Mme,,NomInvalid132
,2,M.,PrenomInvalid133,NomInvalid133
300134,abc,Mme,PrenomInvalid134,
,abc,M.,PrenomInvalid135,
300136,2,M.,PrenomInvalid136,NomInvalid136
,abc,Mme,PrenomInvalid137,NomInvalid137
,1,,PrenomInvalid138,NomInvalid138
300139,abc,Mme,PrenomInvalid139,
,abc,,PrenomInvalid140,
,abc,Mme,PrenomInvalid141,NomInvalid141
300142,abc,Mme,PrenomInvalid142,NomInvalid142
,2,,,
300144,abc,,PrenomInvalid144,NomInvalid144
300145,abc,,,NomInvalid145
300146,abc,Mme,,NomInvalid146
,abc,M.,PrenomInvalid147,NomInvalid147
,abc,,,NomInvalid148
,1,Mme,PrenomInvalid149,NomInvalid149
300150,abc,M.,,
300151,1,M.,,NomInvalid151
,abc,M.,PrenomInvalid152,NomInvalid152
300153,1,M.,PrenomInvalid153,NomInvalid153
,abc,M.,,NomInvalid154
,2,Mme,PrenomInvalid155,
,2,Mme,PrenomInvalid156,NomInvalid156
,abc,M.,PrenomInvalid157,NomInvalid157
300158,abc,Mme,,NomInvalid158
,1,Mme,,NomInvalid159
,2,,PrenomInvalid160,NomInvalid160
,abc,M.,PrenomInvalid161,NomInvalid161
,abc,,,NomInvalid162
,1,Mme,PrenomInvalid163,
300164,2,M.,PrenomInvalid164,NomInvalid164
300165,abc,Mme,PrenomInvalid165,
,2,Mme,PrenomInvalid166,
,1,Mme,,NomInvalid167
,abc,,PrenomInvalid168,NomInvalid168
300169,2,M.,PrenomInvalid169,NomInvalid169
,abc,M.,PrenomInvalid170,NomInvalid170
300171,abc,,PrenomInvalid171,NomInvalid171
,abc,Mme,PrenomInvalid172,NomInvalid172
,abc,M.,PrenomInvalid173,NomInvalid173
,2,,PrenomInvalid174,
,2,,PrenomInvalid175,
,abc,,,NomInvalid176
,1,Mme,PrenomInvalid177,
,abc,Mme,PrenomInvalid178,NomInvalid178
,abc,M.,PrenomInvalid179,NomInvalid179
300180,2,,PrenomInvalid180,NomInvalid180
,2,M.,,
300182,2,M.,PrenomInvalid182,
300183,2,M.,PrenomInvalid183,NomInvalid183
,abc,Mme,PrenomInvalid184,NomInvalid184
300185,2,M.,,
300186,1,,PrenomInvalid186,NomInvalid186
300187,1,Mme,PrenomInvalid187,NomInvalid187
300188,abc,,PrenomInvalid188,NomInvalid188
300189,1,,,NomInvalid189
,1,Mme,PrenomInvalid190,
,abc,M.,PrenomInvalid191,NomInvalid191
300192,2,Mme,PrenomInvalid192,NomInvalid192
300193,1,M.,PrenomInvalid193,
,1,Mme,PrenomInvalid194,NomInvalid194
,abc,M.,,
300196,abc,M.,PrenomInvalid196,NomInvalid196
300197,2,M.,PrenomInvalid197,
,2,Mme,PrenomInvalid198,
300199,2,Mme,PrenomInvalid199,NomInvalid199
300200,abc,,PrenomInvalid200,NomInvalid200
